{
  "_id": "da42b5aa00230629bb6b9175a302c4dc",
  "_rev": "5-278b8ed0e08a7edbeb6724d2964ae872",
  "ownerWallet": "NN3BAWDPHEJAPIGO3IDB6I4ITGUMYG3QMN26ZYICXEZM3QRWISGXUK6J4Y",
  "uptime": 2845,
  "depthSum": 1598.4046350579222,
  "qualitySum": 25138621675447583000,
  "algxAvg": 0,
  "qualityFinal": 8.544528521298251e+27,
  "earnedRewards": 3500,
  "epoch": 1,
  "assetId": 386192725
}